{
  "properties": {
    "connectionReferences": {
      "shared_commondataserviceforapps": {
        "runtimeSource": "embedded",
        "connection": {
          "connectionReferenceLogicalName": "cr3ab_sharedcommondataserviceforapps_4f79e"
        },
        "api": {
          "name": "shared_commondataserviceforapps"
        }
      }
    },
    "definition": {
      "$schema": "https://schema.management.azure.com/providers/Microsoft.Logic/schemas/2016-06-01/workflowdefinition.json#",
      "contentVersion": "1.0.0.0",
      "parameters": {
        "$connections": {
          "defaultValue": {},
          "type": "Object"
        },
        "$authentication": {
          "defaultValue": {},
          "type": "SecureObject"
        }
      },
      "triggers": {
        "manual": {
          "metadata": {
            "operationMetadataId": "a9bdd4e2-579f-4f13-846b-82ed8b3a077f"
          },
          "type": "Request",
          "kind": "Button",
          "inputs": {
            "schema": {
              "type": "object",
              "properties": {},
              "required": []
            }
          }
        }
      },
      "actions": {
        "Parse_JSON_(Inventory)": {
          "runAfter": {
            "Deletion": [
              "Succeeded"
            ]
          },
          "metadata": {
            "operationMetadataId": "0345c560-07d8-47ad-bde4-d423bfb6d18a"
          },
          "type": "ParseJson",
          "inputs": {
            "content": [
              {
                "Inventory ID": "I-001",
                "Name": "Dell Laptop XPS 13",
                "Category": 0,
                "Serial Number": "DELLXPS13-001",
                "Purchase Date": "45092",
                "Inventory Status": 0
              },
              {
                "Inventory ID": "I-002",
                "Name": "Epson Projector Z500",
                "Category": 1,
                "Serial Number": "EPSNZ500-013",
                "Purchase Date": "44816",
                "Inventory Status": 1
              },
              {
                "Inventory ID": "I-003",
                "Name": "Logitech Webcam C920",
                "Category": 2,
                "Serial Number": "LWC920-888",
                "Purchase Date": "45301",
                "Inventory Status": 2
              },
              {
                "Inventory ID": "I-004",
                "Name": "HP LaserJet Pro",
                "Category": 3,
                "Serial Number": "HPLJP-321",
                "Purchase Date": "44503",
                "Inventory Status": 0
              }
            ],
            "schema": {
              "type": "array",
              "items": {
                "type": "object",
                "properties": {
                  "Inventory ID": {
                    "type": "string"
                  },
                  "Name": {
                    "type": "string"
                  },
                  "Category": {
                    "type": "integer"
                  },
                  "Serial Number": {
                    "type": "string"
                  },
                  "Purchase Date": {
                    "type": "string"
                  },
                  "Inventory Status": {
                    "type": "integer"
                  }
                }
              }
            }
          }
        },
        "Apply_to_each": {
          "foreach": "@body('Parse_JSON_(Inventory)')",
          "actions": {
            "Add_a_new_row": {
              "runAfter": {},
              "metadata": {
                "operationMetadataId": "0f139f29-d2da-41a2-bd24-174eb623e4db"
              },
              "type": "OpenApiConnection",
              "inputs": {
                "host": {
                  "connectionName": "shared_commondataserviceforapps",
                  "operationId": "CreateRecord",
                  "apiId": "/providers/Microsoft.PowerApps/apis/shared_commondataserviceforapps"
                },
                "parameters": {
                  "entityName": "cr3ab_inventorymasters",
                  "item/cr3ab_category": "@items('Apply_to_each')['Category']",
                  "item/cr3ab_inventoryid": "@items('Apply_to_each')['Inventory ID']",
                  "item/cr3ab_inventorystatus": "@items('Apply_to_each')['Inventory Status']",
                  "item/cr3ab_itemname": "@items('Apply_to_each')['Name']",
                  "item/cr3ab_purchasedate": "@addseconds('1899-12-30',int(formatnumber(mul(float(items('Apply_to_each')['Purchase Date']),86400),'0')))",
                  "item/cr3ab_serialnumber": "@items('Apply_to_each')['Serial Number']"
                },
                "authentication": {
                  "type": "Raw",
                  "value": "@json(decodeBase64(triggerOutputs().headers['X-MS-APIM-Tokens']))['$ConnectionKey']"
                }
              }
            }
          },
          "runAfter": {
            "Parse_JSON_(Inventory)": [
              "Succeeded"
            ]
          },
          "metadata": {
            "operationMetadataId": "db19adff-b7b6-4f8d-bf39-15404864ddaf"
          },
          "type": "Foreach",
          "runtimeConfiguration": {
            "concurrency": {
              "repetitions": 20
            }
          }
        },
        "Parse_JSON_(Employee)": {
          "runAfter": {
            "Deletion": [
              "Succeeded"
            ]
          },
          "metadata": {
            "operationMetadataId": "56ad20ac-5ed5-4752-b535-c198f765e374"
          },
          "type": "ParseJson",
          "inputs": {
            "content": [
              {
                "Employee ID": "U-001",
                "Name": "Alice Tan",
                "Department": "Marketing",
                "Contact Info": "alice.tan@example.com"
              },
              {
                "Employee ID": "U-002",
                "Name": "John Lim",
                "Department": "IT Support",
                "Contact Info": "john.lim@example.com"
              },
              {
                "Employee ID": "U-003",
                "Name": "Sarah Wong",
                "Department": "Operations",
                "Contact Info": "sarah.wong@example.com"
              },
              {
                "Employee ID": "U-004",
                "Name": "Brian Goh",
                "Department": "Finance",
                "Contact Info": "brian.goh@example.com"
              }
            ],
            "schema": {
              "type": "array",
              "items": {
                "type": "object",
                "properties": {
                  "Employee ID": {
                    "type": "string"
                  },
                  "Name": {
                    "type": "string"
                  },
                  "Department": {
                    "type": "string"
                  },
                  "Contact Info": {
                    "type": "string"
                  }
                }
              }
            }
          }
        },
        "Apply_to_each_2": {
          "foreach": "@body('Parse_JSON_(Employee)')",
          "actions": {
            "Add_a_new_row_2": {
              "runAfter": {},
              "metadata": {
                "operationMetadataId": "cba30107-0313-485b-b238-9251ba662fee"
              },
              "type": "OpenApiConnection",
              "inputs": {
                "host": {
                  "connectionName": "shared_commondataserviceforapps",
                  "operationId": "CreateRecord",
                  "apiId": "/providers/Microsoft.PowerApps/apis/shared_commondataserviceforapps"
                },
                "parameters": {
                  "entityName": "cr3ab_employeemasters",
                  "item/cr3ab_employeeid1": "@items('Apply_to_each_2')?['Employee ID']",
                  "item/cr3ab_employeename": "@items('Apply_to_each_2')?['Name']",
                  "item/cr3ab_emailaddress": "@items('Apply_to_each_2')?['Contact Info']",
                  "item/cr3ab_department": "@items('Apply_to_each_2')?['Department']"
                },
                "authentication": {
                  "type": "Raw",
                  "value": "@json(decodeBase64(triggerOutputs().headers['X-MS-APIM-Tokens']))['$ConnectionKey']"
                }
              }
            }
          },
          "runAfter": {
            "Parse_JSON_(Employee)": [
              "Succeeded"
            ]
          },
          "metadata": {
            "operationMetadataId": "e8f1a521-d3a2-49cf-a965-bf23ac476787"
          },
          "type": "Foreach",
          "runtimeConfiguration": {
            "concurrency": {
              "repetitions": 20
            }
          }
        },
        "Parse_JSON_(CheckInOut)": {
          "runAfter": {
            "Apply_to_each": [
              "Succeeded"
            ],
            "Apply_to_each_2": [
              "Succeeded"
            ]
          },
          "metadata": {
            "operationMetadataId": "db15e87f-e25b-453a-8119-3de3e62059a7"
          },
          "type": "ParseJson",
          "inputs": {
            "content": [
              {
                "CheckInOut ID": "T-001",
                "Inventory ID1": "I-001",
                "Employee ID1": "U-001",
                "Checked Out Date": "45463",
                "Checked In Date": "45468",
                "Condition": "Good"
              },
              {
                "CheckInOut ID": "T-002",
                "Inventory ID1": "I-002",
                "Employee ID1": "U-003",
                "Checked Out Date": "45465",
                "Checked In Date": "45467",
                "Condition": ""
              },
              {
                "CheckInOut ID": "T-003",
                "Inventory ID1": "I-004",
                "Employee ID1": "U-004",
                "Checked Out Date": "45467",
                "Checked In Date": "45469",
                "Condition": "Minor scratches"
              }
            ],
            "schema": {
              "type": "array",
              "items": {
                "type": "object",
                "properties": {
                  "CheckInOut ID": {
                    "type": "string"
                  },
                  "Inventory ID1": {
                    "type": "string"
                  },
                  "Employee ID1": {
                    "type": "string"
                  },
                  "Checked Out Date": {
                    "type": "string"
                  },
                  "Checked In Date": {
                    "type": "string"
                  },
                  "Condition": {
                    "type": "string"
                  }
                }
              }
            }
          }
        },
        "Apply_to_each_3": {
          "foreach": "@body('Parse_JSON_(CheckInOut)')",
          "actions": {
            "List_rows": {
              "runAfter": {},
              "metadata": {
                "operationMetadataId": "74712891-6dbc-4607-848e-13d7bbdb4c0e"
              },
              "type": "OpenApiConnection",
              "inputs": {
                "host": {
                  "connectionName": "shared_commondataserviceforapps",
                  "operationId": "ListRecords",
                  "apiId": "/providers/Microsoft.PowerApps/apis/shared_commondataserviceforapps"
                },
                "parameters": {
                  "entityName": "cr3ab_inventorymasters",
                  "$filter": "cr3ab_inventoryid eq '@{items('Apply_to_each_3')?['Inventory ID1']}'"
                },
                "authentication": {
                  "type": "Raw",
                  "value": "@json(decodeBase64(triggerOutputs().headers['X-MS-APIM-Tokens']))['$ConnectionKey']"
                }
              }
            },
            "InventoryGUID": {
              "runAfter": {
                "List_rows": [
                  "Succeeded"
                ]
              },
              "metadata": {
                "operationMetadataId": "2966235c-455f-44c8-b0d3-d50de6ef4f55"
              },
              "type": "Compose",
              "inputs": "@first(body('List_rows')?['value'])?['@odata.id']"
            },
            "List_rows_2": {
              "runAfter": {
                "InventoryGUID": [
                  "Succeeded"
                ]
              },
              "metadata": {
                "operationMetadataId": "261f4449-1413-409f-899f-25d47632694b"
              },
              "type": "OpenApiConnection",
              "inputs": {
                "host": {
                  "connectionName": "shared_commondataserviceforapps",
                  "operationId": "ListRecords",
                  "apiId": "/providers/Microsoft.PowerApps/apis/shared_commondataserviceforapps"
                },
                "parameters": {
                  "entityName": "cr3ab_employeemasters",
                  "$filter": "cr3ab_employeeid1 eq '@{items('Apply_to_each_3')?['Employee ID1']}'"
                },
                "authentication": {
                  "type": "Raw",
                  "value": "@json(decodeBase64(triggerOutputs().headers['X-MS-APIM-Tokens']))['$ConnectionKey']"
                }
              }
            },
            "EmployeeGUID": {
              "runAfter": {
                "List_rows_2": [
                  "Succeeded"
                ]
              },
              "metadata": {
                "operationMetadataId": "76630843-fe68-4903-b6ed-faa7e3413e2d"
              },
              "type": "Compose",
              "inputs": "@first(body('List_rows_2')?['value'])?['@odata.id']"
            },
            "Add_a_new_row_3": {
              "runAfter": {
                "EmployeeGUID": [
                  "Succeeded"
                ]
              },
              "metadata": {
                "operationMetadataId": "002393d4-0190-4da0-9d4b-cb6536dc69f9"
              },
              "type": "OpenApiConnection",
              "inputs": {
                "host": {
                  "connectionName": "shared_commondataserviceforapps",
                  "operationId": "CreateRecord",
                  "apiId": "/providers/Microsoft.PowerApps/apis/shared_commondataserviceforapps"
                },
                "parameters": {
                  "entityName": "cr3ab_checkinoutmasters",
                  "item/cr3ab_checkindate": "@addseconds('1899-12-30',int(formatnumber(mul(float(items('Apply_to_each_3')?['Checked In Date']),86400),'0')))",
                  "item/cr3ab_checkoutdate": "@addseconds('1899-12-30',int(formatnumber(mul(float(items('Apply_to_each_3')?['Checked Out Date']),86400),'0')))",
                  "item/cr3ab_checkoutrecordid": "@items('Apply_to_each_3')?['CheckInOut ID']",
                  "item/cr3ab_itemcondition": "@items('Apply_to_each_3')?['Condition']",
                  "item/cr3ab_EmployeeID@odata.bind": "@outputs('EmployeeGUID')",
                  "item/cr3ab_InventoryID@odata.bind": "@outputs('InventoryGUID')"
                },
                "authentication": {
                  "type": "Raw",
                  "value": "@json(decodeBase64(triggerOutputs().headers['X-MS-APIM-Tokens']))['$ConnectionKey']"
                }
              }
            }
          },
          "runAfter": {
            "Parse_JSON_(CheckInOut)": [
              "Succeeded"
            ]
          },
          "metadata": {
            "operationMetadataId": "b8d96e94-fa1f-449c-9ec6-7f1c4edade63"
          },
          "type": "Foreach",
          "runtimeConfiguration": {
            "concurrency": {
              "repetitions": 20
            }
          }
        },
        "Parse_JSON": {
          "runAfter": {
            "Apply_to_each_3": [
              "Succeeded"
            ]
          },
          "metadata": {
            "operationMetadataId": "f7b6bc72-5274-414b-9994-aa823b808694"
          },
          "type": "ParseJson",
          "inputs": {
            "content": [
              {
                "Service ID": "S-001",
                "Inventory ID": "I-003",
                "Date": "45422",
                "Description": "Replaced camera lens",
                "Employee ID1": "U-002"
              },
              {
                "Service ID": "S-002",
                "Inventory ID": "I-002",
                "Date": "45366",
                "Description": "Firmware update completed",
                "Employee ID1": "U-002"
              },
              {
                "Service ID": "S-003",
                "Inventory ID": "I-004",
                "Date": "45444",
                "Description": "Paper jam issue resolved",
                "Employee ID1": "U-003"
              }
            ],
            "schema": {
              "type": "array",
              "items": {
                "type": "object",
                "properties": {
                  "Service ID": {
                    "type": "string"
                  },
                  "Inventory ID": {
                    "type": "string"
                  },
                  "Date": {
                    "type": "string"
                  },
                  "Description": {
                    "type": "string"
                  },
                  "Employee ID1": {
                    "type": "string"
                  }
                }
              }
            }
          }
        },
        "Apply_to_each_4": {
          "foreach": "@body('Parse_JSON')",
          "actions": {
            "List_rows_3": {
              "runAfter": {},
              "metadata": {
                "operationMetadataId": "6f965205-cf15-476c-906a-27c521344421"
              },
              "type": "OpenApiConnection",
              "inputs": {
                "host": {
                  "connectionName": "shared_commondataserviceforapps",
                  "operationId": "ListRecords",
                  "apiId": "/providers/Microsoft.PowerApps/apis/shared_commondataserviceforapps"
                },
                "parameters": {
                  "entityName": "cr3ab_inventorymasters",
                  "$filter": "cr3ab_inventoryid eq '@{items('Apply_to_each_4')?['Inventory ID']}'"
                },
                "authentication": {
                  "type": "Raw",
                  "value": "@json(decodeBase64(triggerOutputs().headers['X-MS-APIM-Tokens']))['$ConnectionKey']"
                }
              }
            },
            "InventoryGUID_2": {
              "runAfter": {
                "List_rows_3": [
                  "Succeeded"
                ]
              },
              "metadata": {
                "operationMetadataId": "0b5210bc-2a7c-45ae-ba84-3bfeb96c49b8"
              },
              "type": "Compose",
              "inputs": "@first(body('List_rows_3')?['value'])?['@odata.id']\r\n"
            },
            "List_rows_4": {
              "runAfter": {
                "InventoryGUID_2": [
                  "Succeeded"
                ]
              },
              "metadata": {
                "operationMetadataId": "12b4bdb4-34be-420f-9c9c-7bca36ce17c4"
              },
              "type": "OpenApiConnection",
              "inputs": {
                "host": {
                  "connectionName": "shared_commondataserviceforapps",
                  "operationId": "ListRecords",
                  "apiId": "/providers/Microsoft.PowerApps/apis/shared_commondataserviceforapps"
                },
                "parameters": {
                  "entityName": "cr3ab_employeemasters",
                  "$filter": "cr3ab_employeeid1 eq '@{items('Apply_to_each_4')?['Employee ID1']}'"
                },
                "authentication": {
                  "type": "Raw",
                  "value": "@json(decodeBase64(triggerOutputs().headers['X-MS-APIM-Tokens']))['$ConnectionKey']"
                }
              }
            },
            "EmployeeGUID_2": {
              "runAfter": {
                "List_rows_4": [
                  "Succeeded"
                ]
              },
              "metadata": {
                "operationMetadataId": "c8bbcb9d-1a3f-409b-b2d1-24b70023a8f4"
              },
              "type": "Compose",
              "inputs": "@first(body('List_rows_4')?['value'])?['@odata.id']\r\n"
            },
            "Add_a_new_row_4": {
              "runAfter": {
                "EmployeeGUID_2": [
                  "Succeeded"
                ]
              },
              "metadata": {
                "operationMetadataId": "2bd7f210-41d5-4e50-9d0c-a016ed96d109"
              },
              "type": "OpenApiConnection",
              "inputs": {
                "host": {
                  "connectionName": "shared_commondataserviceforapps",
                  "operationId": "CreateRecord",
                  "apiId": "/providers/Microsoft.PowerApps/apis/shared_commondataserviceforapps"
                },
                "parameters": {
                  "entityName": "cr3ab_servicingrecordses",
                  "item/cr3ab_servicedate": "@addseconds('1899-12-30',int(formatnumber(mul(float(items('Apply_to_each_4')?['Date']),86400),'0')))",
                  "item/cr3ab_servicedescription": "@items('Apply_to_each_4')?['Description']",
                  "item/cr3ab_EmployeeID@odata.bind": "@outputs('EmployeeGUID_2')",
                  "item/cr3ab_inventoryidentifier@odata.bind": "@outputs('InventoryGUID_2')",
                  "item/cr3ab_serviceidentifier": "@items('Apply_to_each_4')?['Service ID']"
                },
                "authentication": {
                  "type": "Raw",
                  "value": "@json(decodeBase64(triggerOutputs().headers['X-MS-APIM-Tokens']))['$ConnectionKey']"
                }
              }
            }
          },
          "runAfter": {
            "Parse_JSON": [
              "Succeeded"
            ]
          },
          "metadata": {
            "operationMetadataId": "82640246-49cf-498f-843b-b29a9f26af39"
          },
          "type": "Foreach",
          "runtimeConfiguration": {
            "concurrency": {
              "repetitions": 20
            }
          }
        },
        "Deletion": {
          "actions": {
            "List_rows_5": {
              "runAfter": {},
              "metadata": {
                "operationMetadataId": "9a591fda-045b-4b6d-9034-de24bb05c792"
              },
              "type": "OpenApiConnection",
              "inputs": {
                "host": {
                  "connectionName": "shared_commondataserviceforapps",
                  "operationId": "ListRecords",
                  "apiId": "/providers/Microsoft.PowerApps/apis/shared_commondataserviceforapps"
                },
                "parameters": {
                  "entityName": "cr3ab_inventorymasters"
                },
                "authentication": {
                  "type": "Raw",
                  "value": "@json(decodeBase64(triggerOutputs().headers['X-MS-APIM-Tokens']))['$ConnectionKey']"
                }
              }
            },
            "Apply_to_each_5": {
              "foreach": "@outputs('List_rows_5')?['body/value']",
              "actions": {
                "Delete_a_row": {
                  "runAfter": {},
                  "metadata": {
                    "operationMetadataId": "6066026b-d66d-48a6-9dab-313622ed5157"
                  },
                  "type": "OpenApiConnection",
                  "inputs": {
                    "host": {
                      "connectionName": "shared_commondataserviceforapps",
                      "operationId": "DeleteRecord",
                      "apiId": "/providers/Microsoft.PowerApps/apis/shared_commondataserviceforapps"
                    },
                    "parameters": {
                      "entityName": "cr3ab_inventorymasters",
                      "recordId": "@items('Apply_to_each_5')?['cr3ab_inventorymasterid']"
                    },
                    "authentication": {
                      "type": "Raw",
                      "value": "@json(decodeBase64(triggerOutputs().headers['X-MS-APIM-Tokens']))['$ConnectionKey']"
                    }
                  }
                }
              },
              "runAfter": {
                "List_rows_5": [
                  "Succeeded"
                ]
              },
              "metadata": {
                "operationMetadataId": "57d25c69-b4d0-4494-92d9-e9d680c6ac81"
              },
              "type": "Foreach",
              "runtimeConfiguration": {
                "concurrency": {
                  "repetitions": 20
                }
              }
            },
            "List_rows_6": {
              "runAfter": {
                "Apply_to_each_5": [
                  "Succeeded"
                ]
              },
              "metadata": {
                "operationMetadataId": "4468fb59-b2ab-4683-a984-ba876a388faa"
              },
              "type": "OpenApiConnection",
              "inputs": {
                "host": {
                  "connectionName": "shared_commondataserviceforapps",
                  "operationId": "ListRecords",
                  "apiId": "/providers/Microsoft.PowerApps/apis/shared_commondataserviceforapps"
                },
                "parameters": {
                  "entityName": "cr3ab_employeemasters"
                },
                "authentication": {
                  "type": "Raw",
                  "value": "@json(decodeBase64(triggerOutputs().headers['X-MS-APIM-Tokens']))['$ConnectionKey']"
                }
              }
            },
            "Apply_to_each_6": {
              "foreach": "@outputs('List_rows_6')?['body/value']",
              "actions": {
                "Delete_a_row_2": {
                  "runAfter": {},
                  "metadata": {
                    "operationMetadataId": "ed01bb5b-64cc-4090-a3f5-fdf3a1ce28cc"
                  },
                  "type": "OpenApiConnection",
                  "inputs": {
                    "host": {
                      "connectionName": "shared_commondataserviceforapps",
                      "operationId": "DeleteRecord",
                      "apiId": "/providers/Microsoft.PowerApps/apis/shared_commondataserviceforapps"
                    },
                    "parameters": {
                      "entityName": "cr3ab_employeemasters",
                      "recordId": "@items('Apply_to_each_6')?['cr3ab_EmployeeMasterId']"
                    },
                    "authentication": {
                      "type": "Raw",
                      "value": "@json(decodeBase64(triggerOutputs().headers['X-MS-APIM-Tokens']))['$ConnectionKey']"
                    }
                  }
                }
              },
              "runAfter": {
                "List_rows_6": [
                  "Succeeded"
                ]
              },
              "metadata": {
                "operationMetadataId": "68a19c7d-c9cb-4919-aa5b-c761fd268ac9"
              },
              "type": "Foreach",
              "runtimeConfiguration": {
                "concurrency": {
                  "repetitions": 20
                }
              }
            },
            "List_rows_7": {
              "runAfter": {
                "Apply_to_each_6": [
                  "Succeeded"
                ]
              },
              "metadata": {
                "operationMetadataId": "a5520aff-349d-4a09-8faf-61067a69f75d"
              },
              "type": "OpenApiConnection",
              "inputs": {
                "host": {
                  "connectionName": "shared_commondataserviceforapps",
                  "operationId": "ListRecords",
                  "apiId": "/providers/Microsoft.PowerApps/apis/shared_commondataserviceforapps"
                },
                "parameters": {
                  "entityName": "cr3ab_servicingrecordses"
                },
                "authentication": {
                  "type": "Raw",
                  "value": "@json(decodeBase64(triggerOutputs().headers['X-MS-APIM-Tokens']))['$ConnectionKey']"
                }
              }
            },
            "Apply_to_each_7": {
              "foreach": "@outputs('List_rows_7')?['body/value']",
              "actions": {
                "Delete_a_row_3": {
                  "runAfter": {},
                  "metadata": {
                    "operationMetadataId": "262c3e2d-8221-4ed9-9c07-d2fb246a3cda"
                  },
                  "type": "OpenApiConnection",
                  "inputs": {
                    "host": {
                      "connectionName": "shared_commondataserviceforapps",
                      "operationId": "DeleteRecord",
                      "apiId": "/providers/Microsoft.PowerApps/apis/shared_commondataserviceforapps"
                    },
                    "parameters": {
                      "entityName": "cr3ab_servicingrecordses",
                      "recordId": "@items('Apply_to_each_7')?['cr3ab_ServicingRecordsId']"
                    },
                    "authentication": {
                      "type": "Raw",
                      "value": "@json(decodeBase64(triggerOutputs().headers['X-MS-APIM-Tokens']))['$ConnectionKey']"
                    }
                  }
                }
              },
              "runAfter": {
                "List_rows_7": [
                  "Succeeded"
                ]
              },
              "metadata": {
                "operationMetadataId": "88f10f9d-0151-4355-82d9-e463a20645ff"
              },
              "type": "Foreach",
              "runtimeConfiguration": {
                "concurrency": {
                  "repetitions": 20
                }
              }
            },
            "List_rows_8": {
              "runAfter": {
                "Apply_to_each_7": [
                  "Succeeded"
                ]
              },
              "metadata": {
                "operationMetadataId": "c7faf27c-3449-49f0-b33f-7aead4ac9f30"
              },
              "type": "OpenApiConnection",
              "inputs": {
                "host": {
                  "connectionName": "shared_commondataserviceforapps",
                  "operationId": "ListRecords",
                  "apiId": "/providers/Microsoft.PowerApps/apis/shared_commondataserviceforapps"
                },
                "parameters": {
                  "entityName": "cr3ab_checkinoutmasters"
                },
                "authentication": {
                  "type": "Raw",
                  "value": "@json(decodeBase64(triggerOutputs().headers['X-MS-APIM-Tokens']))['$ConnectionKey']"
                }
              }
            },
            "Apply_to_each_8": {
              "foreach": "@outputs('List_rows_8')?['body/value']",
              "actions": {
                "Delete_a_row_4": {
                  "runAfter": {},
                  "metadata": {
                    "operationMetadataId": "5220c455-febb-4003-a96a-f68dc9fcfebc"
                  },
                  "type": "OpenApiConnection",
                  "inputs": {
                    "host": {
                      "connectionName": "shared_commondataserviceforapps",
                      "operationId": "DeleteRecord",
                      "apiId": "/providers/Microsoft.PowerApps/apis/shared_commondataserviceforapps"
                    },
                    "parameters": {
                      "entityName": "cr3ab_checkinoutmasters",
                      "recordId": "@items('Apply_to_each_8')?['cr3ab_CheckInOutMasterId']"
                    },
                    "authentication": {
                      "type": "Raw",
                      "value": "@json(decodeBase64(triggerOutputs().headers['X-MS-APIM-Tokens']))['$ConnectionKey']"
                    }
                  }
                }
              },
              "runAfter": {
                "List_rows_8": [
                  "Succeeded"
                ]
              },
              "metadata": {
                "operationMetadataId": "f9483dfe-6f64-43ec-8477-3bdb23e8796c"
              },
              "type": "Foreach",
              "runtimeConfiguration": {
                "concurrency": {
                  "repetitions": 20
                }
              }
            }
          },
          "runAfter": {},
          "metadata": {
            "operationMetadataId": "0e7133f8-7374-45d9-af7d-73d58f21a77e"
          },
          "type": "Scope"
        }
      }
    },
    "templateName": ""
  },
  "schemaVersion": "1.0.0.0"
}